Workbook

Sheet הגדרות ורווח
A1: LUNÉ: הגדרות ורווח למכירה
A2: תאים צהובים = לעדכן לפי המספרים האמיתיים שלך. כל השאר מחושב לבד.
A4: הגדרות כלליות
A5: שער דולר (₪) | B5: 3.6
A6: עמלת סליקה (%) | B6: 0.025
A7: עמלת שופיפיי על סולק חיצוני (%) | B7: 0.02
A8: עוסק מורשה? (כן/לא) | B8: לא
A9: מע"מ (%) | B9: 0.18
A11: לכל חבילה
B12: סט אחד | C12: 2 סטים | D12: 3 סטים
A13: מחיר מכירה (₪) | B13: 119 | C13: 179 | D13: 229
A14: עלות ספק + משלוח ($) | B14: 7.2 | C14: 12.5 | D14: 17.5
A15: עלות ספק + משלוח (₪) | B15: =B14*$B$5 | C15: =C14*$B$5 | D15: =D14*$B$5
A16: הכנסה נטו אחרי מע"מ (₪) | B16: =IF($B$8="כן",B13/(1+$B$9),B13) | C16: =IF($B$8="כן",C13/(1+$B$9),C13) | D16: =IF($B$8="כן",D13/(1+$B$9),D13)
A17: עמלות (₪) | B17: =B13*($B$6+$B$7) | C17: =C13*($B$6+$B$7) | D17: =D13*($B$6+$B$7)
A18: רווח לפני פרסום (₪) | B18: =B16-B15-B17 | C18: =C16-C15-C17 | D18: =D16-D15-D17
A19: עלות רכישה מקסימלית לאיזון (₪) | B19: =B18 | C19: =C18 | D19: =D18
A20: יעד עלות רכישה (60% מהאיזון) (₪) | B20: =B18*0.6 | C20: =C18*0.6 | D20: =D18*0.6
A22: תמהיל הזמנות צפוי (%) | B22: 0.4 | C22: 0.45 | D22: 0.15
A23: סל ממוצע (₪) | B23: =SUMPRODUCT(B13:D13,B22:D22)
A24: רווח ממוצע לפני פרסום (₪) | B24: =SUMPRODUCT(B18:D18,B22:D22)
A25: עלות רכישה לאיזון, ממוצע (₪) | B25: =B24
A26: יעד עלות רכישה, ממוצע (₪) | B26: =B24*0.6
A28: הערה: עלות הספק כאן היא הערכה. מעדכנים אותה ברגע שיש הצעת מחיר אמיתית (ראו suppliers.md).

Sheet יומן פרסום
A1: תאריך | B1: מודעה / קמפיין | C1: הוצאה (₪) | D1: חשיפות | E1: קליקים על קישור | F1: הוספות לסל | G1: רכישות | H1: הכנסה (₪) | I1: CTR | J1: עלות רכישה (₪) | K1: ROAS | L1: רווח אחרי פרסום (₪) | M1: מה עושים
I2: =IF(D2>0,E2/D2,"") | J2: =IF(G2>0,C2/G2,"") | K2: =IF(C2>0,H2/C2,"") | L2: =IF(C2="","",G2*'הגדרות ורווח'!$B$24-C2) | M2: =IF(C2="","",IF(AND(G2=0,F2=0,C2>=80),"לכבות את המודעה (80 ₪ בלי הוספה לסל)",IF(AND(D2>1000,I2<0.007),"ההוק לא עובד: קריאייטיב חדש",IF(AND(F2>=3,G2=0),"יש הוספות לסל ואין רכישות: לבדוק תשלום וסליקה",IF(G2=0,"להמשיך לאסוף נתונים",IF(J2<='הגדרות ורווח'!$B$26,"מצוין: להגדיל תקציב ב-20%",IF(J2<='הגדרות ורווח'!$B$25,"מרוויח: להחזיק, להחליף מודעות חלשות","מפסיד: לעצור ולשנות")))))))
I3: =IF(D3>0,E3/D3,"") | J3: =IF(G3>0,C3/G3,"") | K3: =IF(C3>0,H3/C3,"") | L3: =IF(C3="","",G3*'הגדרות ורווח'!$B$24-C3) | M3: =IF(C3="","",IF(AND(G3=0,F3=0,C3>=80),"לכבות את המודעה (80 ₪ בלי הוספה לסל)",IF(AND(D3>1000,I3<0.007),"ההוק לא עובד: קריאייטיב חדש",IF(AND(F3>=3,G3=0),"יש הוספות לסל ואין רכישות: לבדוק תשלום וסליקה",IF(G3=0,"להמשיך לאסוף נתונים",IF(J3<='הגדרות ורווח'!$B$26,"מצוין: להגדיל תקציב ב-20%",IF(J3<='הגדרות ורווח'!$B$25,"מרוויח: להחזיק, להחליף מודעות חלשות","מפסיד: לעצור ולשנות")))))))
I4: =IF(D4>0,E4/D4,"") | J4: =IF(G4>0,C4/G4,"") | K4: =IF(C4>0,H4/C4,"") | L4: =IF(C4="","",G4*'הגדרות ורווח'!$B$24-C4) | M4: =IF(C4="","",IF(AND(G4=0,F4=0,C4>=80),"לכבות את המודעה (80 ₪ בלי הוספה לסל)",IF(AND(D4>1000,I4<0.007),"ההוק לא עובד: קריאייטיב חדש",IF(AND(F4>=3,G4=0),"יש הוספות לסל ואין רכישות: לבדוק תשלום וסליקה",IF(G4=0,"להמשיך לאסוף נתונים",IF(J4<='הגדרות ורווח'!$B$26,"מצוין: להגדיל תקציב ב-20%",IF(J4<='הגדרות ורווח'!$B$25,"מרוויח: להחזיק, להחליף מודעות חלשות","מפסיד: לעצור ולשנות")))))))
I5: =IF(D5>0,E5/D5,"") | J5: =IF(G5>0,C5/G5,"") | K5: =IF(C5>0,H5/C5,"") | L5: =IF(C5="","",G5*'הגדרות ורווח'!$B$24-C5) | M5: =IF(C5="","",IF(AND(G5=0,F5=0,C5>=80),"לכבות את המודעה (80 ₪ בלי הוספה לסל)",IF(AND(D5>1000,I5<0.007),"ההוק לא עובד: קריאייטיב חדש",IF(AND(F5>=3,G5=0),"יש הוספות לסל ואין רכישות: לבדוק תשלום וסליקה",IF(G5=0,"להמשיך לאסוף נתונים",IF(J5<='הגדרות ורווח'!$B$26,"מצוין: להגדיל תקציב ב-20%",IF(J5<='הגדרות ורווח'!$B$25,"מרוויח: להחזיק, להחליף מודעות חלשות","מפסיד: לעצור ולשנות")))))))
I6: =IF(D6>0,E6/D6,"") | J6: =IF(G6>0,C6/G6,"") | K6: =IF(C6>0,H6/C6,"") | L6: =IF(C6="","",G6*'הגדרות ורווח'!$B$24-C6) | M6: =IF(C6="","",IF(AND(G6=0,F6=0,C6>=80),"לכבות את המודעה (80 ₪ בלי הוספה לסל)",IF(AND(D6>1000,I6<0.007),"ההוק לא עובד: קריאייטיב חדש",IF(AND(F6>=3,G6=0),"יש הוספות לסל ואין רכישות: לבדוק תשלום וסליקה",IF(G6=0,"להמשיך לאסוף נתונים",IF(J6<='הגדרות ורווח'!$B$26,"מצוין: להגדיל תקציב ב-20%",IF(J6<='הגדרות ורווח'!$B$25,"מרוויח: להחזיק, להחליף מודעות חלשות","מפסיד: לעצור ולשנות")))))))
I7: =IF(D7>0,E7/D7,"") | J7: =IF(G7>0,C7/G7,"") | K7: =IF(C7>0,H7/C7,"") | L7: =IF(C7="","",G7*'הגדרות ורווח'!$B$24-C7) | M7: =IF(C7="","",IF(AND(G7=0,F7=0,C7>=80),"לכבות את המודעה (80 ₪ בלי הוספה לסל)",IF(AND(D7>1000,I7<0.007),"ההוק לא עובד: קריאייטיב חדש",IF(AND(F7>=3,G7=0),"יש הוספות לסל ואין רכישות: לבדוק תשלום וסליקה",IF(G7=0,"להמשיך לאסוף נתונים",IF(J7<='הגדרות ורווח'!$B$26,"מצוין: להגדיל תקציב ב-20%",IF(J7<='הגדרות ורווח'!$B$25,"מרוויח: להחזיק, להחליף מודעות חלשות","מפסיד: לעצור ולשנות")))))))
I8: =IF(D8>0,E8/D8,"") | J8: =IF(G8>0,C8/G8,"") | K8: =IF(C8>0,H8/C8,"") | L8: =IF(C8="","",G8*'הגדרות ורווח'!$B$24-C8) | M8: =IF(C8="","",IF(AND(G8=0,F8=0,C8>=80),"לכבות את המודעה (80 ₪ בלי הוספה לסל)",IF(AND(D8>1000,I8<0.007),"ההוק לא עובד: קריאייטיב חדש",IF(AND(F8>=3,G8=0),"יש הוספות לסל ואין רכישות: לבדוק תשלום וסליקה",IF(G8=0,"להמשיך לאסוף נתונים",IF(J8<='הגדרות ורווח'!$B$26,"מצוין: להגדיל תקציב ב-20%",IF(J8<='הגדרות ורווח'!$B$25,"מרוויח: להחזיק, להחליף מודעות חלשות","מפסיד: לעצור ולשנות")))))))
I9: =IF(D9>0,E9/D9,"") | J9: =IF(G9>0,C9/G9,"") | K9: =IF(C9>0,H9/C9,"") | L9: =IF(C9="","",G9*'הגדרות ורווח'!$B$24-C9) | M9: =IF(C9="","",IF(AND(G9=0,F9=0,C9>=80),"לכבות את המודעה (80 ₪ בלי הוספה לסל)",IF(AND(D9>1000,I9<0.007),"ההוק לא עובד: קריאייטיב חדש",IF(AND(F9>=3,G9=0),"יש הוספות לסל ואין רכישות: לבדוק תשלום וסליקה",IF(G9=0,"להמשיך לאסוף נתונים",IF(J9<='הגדרות ורווח'!$B$26,"מצוין: להגדיל תקציב ב-20%",IF(J9<='הגדרות ורווח'!$B$25,"מרוויח: להחזיק, להחליף מודעות חלשות","מפסיד: לעצור ולשנות")))))))
I10: =IF(D10>0,E10/D10,"") | J10: =IF(G10>0,C10/G10,"") | K10: =IF(C10>0,H10/C10,"") | L10: =IF(C10="","",G10*'הגדרות ורווח'!$B$24-C10) | M10: =IF(C10="","",IF(AND(G10=0,F10=0,C10>=80),"לכבות את המודעה (80 ₪ בלי הוספה לסל)",IF(AND(D10>1000,I10<0.007),"ההוק לא עובד: קריאייטיב חדש",IF(AND(F10>=3,G10=0),"יש הוספות לסל ואין רכישות: לבדוק תשלום וסליקה",IF(G10=0,"להמשיך לאסוף נתונים",IF(J10<='הגדרות ורווח'!$B$26,"מצוין: להגדיל תקציב ב-20%",IF(J10<='הגדרות ורווח'!$B$25,"מרוויח: להחזיק, להחליף מודעות חלשות","מפסיד: לעצור ולשנות")))))))
I11: =IF(D11>0,E11/D11,"") | J11: =IF(G11>0,C11/G11,"") | K11: =IF(C11>0,H11/C11,"") | L11: =IF(C11="","",G11*'הגדרות ורווח'!$B$24-C11) | M11: =IF(C11="","",IF(AND(G11=0,F11=0,C11>=80),"לכבות את המודעה (80 ₪ בלי הוספה לסל)",IF(AND(D11>1000,I11<0.007),"ההוק לא עובד: קריאייטיב חדש",IF(AND(F11>=3,G11=0),"יש הוספות לסל ואין רכישות: לבדוק תשלום וסליקה",IF(G11=0,"להמשיך לאסוף נתונים",IF(J11<='הגדרות ורווח'!$B$26,"מצוין: להגדיל תקציב ב-20%",IF(J11<='הגדרות ורווח'!$B$25,"מרוויח: להחזיק, להחליף מודעות חלשות","מפסיד: לעצור ולשנות")))))))
I12: =IF(D12>0,E12/D12,"") | J12: =IF(G12>0,C12/G12,"") | K12: =IF(C12>0,H12/C12,"") | L12: =IF(C12="","",G12*'הגדרות ורווח'!$B$24-C12) | M12: =IF(C12="","",IF(AND(G12=0,F12=0,C12>=80),"לכבות את המודעה (80 ₪ בלי הוספה לסל)",IF(AND(D12>1000,I12<0.007),"ההוק לא עובד: קריאייטיב חדש",IF(AND(F12>=3,G12=0),"יש הוספות לסל ואין רכישות: לבדוק תשלום וסליקה",IF(G12=0,"להמשיך לאסוף נתונים",IF(J12<='הגדרות ורווח'!$B$26,"מצוין: להגדיל תקציב ב-20%",IF(J12<='הגדרות ורווח'!$B$25,"מרוויח: להחזיק, להחליף מודעות חלשות","מפסיד: לעצור ולשנות")))))))
I13: =IF(D13>0,E13/D13,"") | J13: =IF(G13>0,C13/G13,"") | K13: =IF(C13>0,H13/C13,"") | L13: =IF(C13="","",G13*'הגדרות ורווח'!$B$24-C13) | M13: =IF(C13="","",IF(AND(G13=0,F13=0,C13>=80),"לכבות את המודעה (80 ₪ בלי הוספה לסל)",IF(AND(D13>1000,I13<0.007),"ההוק לא עובד: קריאייטיב חדש",IF(AND(F13>=3,G13=0),"יש הוספות לסל ואין רכישות: לבדוק תשלום וסליקה",IF(G13=0,"להמשיך לאסוף נתונים",IF(J13<='הגדרות ורווח'!$B$26,"מצוין: להגדיל תקציב ב-20%",IF(J13<='הגדרות ורווח'!$B$25,"מרוויח: להחזיק, להחליף מודעות חלשות","מפסיד: לעצור ולשנות")))))))
... I101: =IF(D101>0,E101/D101,"") | J101: =IF(G101>0,C101/G101,"") | K101: =IF(C101>0,H101/C101,"") | L101: =IF(C101="","",G101*'הגדרות ורווח'!$B$24-C101) | M101: =IF(C101="","",IF(AND(G101=0,F101=0,C101>=80),"לכבות את המודעה (80 ₪ בלי הוספה לסל)",IF(AND(D101>1000,I101<0.007),"ההוק לא עובד: קריאייטיב חדש",IF(AND(F101>=3,G101=0),"יש הוספות לסל ואין רכישות: לבדוק תשלום וסליקה",IF(G101=0,"להמשיך לאסוף נתונים",IF(J101<='הגדרות ורווח'!$B$26,"מצוין: להגדיל תקציב ב-20%",IF(J101<='הגדרות ורווח'!$B$25,"מרוויח: להחזיק, להחליף מודעות חלשות","מפסיד: לעצור ולשנות")))))))

Sheet סיכום
A1: סיכום הקמפיין
A2: הוצאה כוללת (₪) | B2: =SUM('יומן פרסום'!C2:C101)
A3: רכישות | B3: =SUM('יומן פרסום'!G2:G101)
A4: הכנסה (₪) | B4: =SUM('יומן פרסום'!H2:H101)
A5: עלות רכישה ממוצעת (₪) | B5: =IF(B3>0,B2/B3,"")
A6: ROAS | B6: =IF(B2>0,B4/B2,"")
A7: רווח אחרי פרסום (₪) | B7: =SUM('יומן פרסום'!L2:L101)
